{
    "Pure ML\n(Handcrafted Features + SVM)": {
        "accuracy": 0.9117283950617284,
        "precision": 0.9144050104384134,
        "recall": 0.8111111111111111,
        "f1_score": 0.8596663395485771
    },
    "Hybrid\n(Deep Features + ML)": {
        "accuracy": 0.9691358024691358,
        "precision": 0.9640151515151515,
        "recall": 0.9425925925925925,
        "f1_score": 0.9531835205992509
    },
    "Pure DL\n(End-to-End Deep Learning)": {
        "accuracy": 0.9487654320987654,
        "precision": 0.970498474059003,
        "recall": 0.8744271310724107,
        "f1_score": 0.9199614271938283
    }
}