{
    "model_summary": {
        "name": "RandomForest",
        "feature_type": "deep_features",
        "total_features": 384,
        "best_hyperparameters": {
            "max_depth": 10,
            "max_features": "log2",
            "min_samples_leaf": 4,
            "min_samples_split": 15,
            "n_estimators": 450
        }
    },
    "performance_metrics": {
        "accuracy": 0.9691358024691358,
        "precision": 0.9640151515151515,
        "recall": 0.9425925925925925,
        "f1": 0.9531835205992509,
        "roc_auc": 0.9905572702331961
    },
    "timing_information": {
        "total_time": 111.62595868110657
    }
}