{
  "models": {
    "efficientnet_b0": {
      "val_accuracy": 0.9333333333333333,
      "val_precision": 0.9186046511627907,
      "val_recall": 0.8777777777777778,
      "val_f1_score": 0.8977272727272727,
      "val_auc": 0.9775720164609054,
      "confusion_matrix": [
        [
          519,
          21
        ],
        [
          33,
          237
        ]
      ],
      "train_time": 109.60155320167542,
      "best_epoch": 2,
      "train_history": {
        "loss": [
          0.42385552986329345,
          0.22154106324961206,
          0.17791822474418567,
          0.1647662038938338,
          0.1423264532623922,
          0.12442047438513831
        ],
        "acc": [
          0.8071428571428572,
          0.9134920634920635,
          0.930952380952381,
          0.937037037037037,
          0.942063492063492,
          0.9534391534391534
        ]
      },
      "val_history": {
        "loss": [
          0.2593038658109995,
          0.19131047178346378,
          0.1767316568786135,
          0.18785380375070068,
          0.18757090595765755,
          0.18792601517186716
        ],
        "acc": [
          0.8925925925925926,
          0.9246913580246914,
          0.9333333333333333,
          0.9308641975308642,
          0.9345679012345679,
          0.9395061728395062
        ]
      },
      "total_params": 4335998,
      "trainable_params": 4335998
    },
    "mobilenet_v3": {
      "val_accuracy": 0.9518518518518518,
      "val_precision": 0.963855421686747,
      "val_recall": 0.8888888888888888,
      "val_f1_score": 0.9248554913294798,
      "val_auc": 0.9865089163237312,
      "confusion_matrix": [
        [
          531,
          9
        ],
        [
          30,
          240
        ]
      ],
      "train_time": 368.0655400753021,
      "best_epoch": 19,
      "train_history": {
        "loss": [
          0.44960383557471906,
          0.25475700769354315,
          0.20851787320580803,
          0.18727159797519194,
          0.1800412856856314,
          0.1534579570303444,
          0.14723161897551612,
          0.14897726642108766,
          0.12879247775598734,
          0.13638981268936848,
          0.11670016065365126,
          0.11975893238168053,
          0.11830670617426894,
          0.11480862828081145,
          0.10464663556659547,
          0.12728254807752973,
          0.1018252664699587,
          0.08872449867615179,
          0.08001562363288107,
          0.08289831150479678
        ],
        "acc": [
          0.7888888888888889,
          0.8981481481481481,
          0.9148148148148149,
          0.9248677248677248,
          0.930952380952381,
          0.9431216931216931,
          0.9439153439153439,
          0.9386243386243386,
          0.9523809523809523,
          0.9497354497354498,
          0.9558201058201058,
          0.9555555555555556,
          0.9513227513227513,
          0.9568783068783069,
          0.9587301587301588,
          0.9624338624338624,
          0.9605820105820105,
          0.967989417989418,
          0.967989417989418,
          0.9695767195767195
        ]
      },
      "val_history": {
        "loss": [
          1.1962893215509562,
          0.7474105701996729,
          0.33395108723869693,
          0.34739855103767836,
          0.20552775249458277,
          0.22929934569849417,
          0.285865829541133,
          0.19561093759078246,
          0.21453738334373787,
          0.1703222690579983,
          0.24374799215449736,
          0.2318839758921128,
          0.1576339967835408,
          0.16508790463782275,
          0.2671541018554798,
          0.1572186924660435,
          0.26272576947051746,
          0.14446024582363093,
          0.16876069463502902,
          0.13283609548726907
        ],
        "acc": [
          0.6925925925925925,
          0.7493827160493827,
          0.8765432098765432,
          0.8617283950617284,
          0.917283950617284,
          0.9049382716049382,
          0.8950617283950617,
          0.9345679012345679,
          0.9209876543209876,
          0.9444444444444444,
          0.9259259259259259,
          0.9222222222222223,
          0.945679012345679,
          0.9395061728395062,
          0.9197530864197531,
          0.945679012345679,
          0.908641975308642,
          0.9481481481481482,
          0.9432098765432099,
          0.9518518518518518
        ]
      },
      "total_params": 1075234,
      "trainable_params": 1075234
    }
  },
  "best_model": "mobilenet_v3",
  "test_results": {
    "model": "mobilenet_v3",
    "accuracy": 0.9395061728395062,
    "precision": 0.9702127659574468,
    "recall": 0.8444444444444444,
    "f1_score": 0.902970297029703,
    "auc": 0.9821810699588478,
    "confusion_matrix": [
      [
        533,
        7
      ],
      [
        42,
        228
      ]
    ]
  },
  "hyperparameters": {
    "batch_size": 32,
    "learning_rate": 0.0001,
    "num_epochs": 20,
    "early_stopping_patience": 3,
    "image_size": 224
  },
  "augmentation": {
    "train": "RandomResizedCrop, Flips, Rotation, ColorJitter, Perspective, Grayscale, Blur",
    "val_test": "Resize, CenterCrop"
  }
}