{
    "models": {
        "mobilenetv3_small_100": {
            "accuracy": 0.9404320987654321,
            "f1_score": 0.9065375302663439,
            "precision": 0.9609856262833676,
            "recall": 0.8579285059578369,
            "roc_auc": 0.9859739080995615,
            "size_mb": 5.844444274902344,
            "param_count": 1519906,
            "inference_time_ms": 0.7276685903791775,
            "images_per_second": 1374.2519784712908
        },
        "efficientnet_lite0": {
            "accuracy": 0.937962962962963,
            "f1_score": 0.9003470500743679,
            "precision": 0.980561555075594,
            "recall": 0.8322639780018332,
            "roc_auc": 0.9821842828438099,
            "size_mb": 13.029800415039062,
            "param_count": 3373570,
            "inference_time_ms": 1.084125993257746,
            "images_per_second": 922.4020143590953
        },
        "mobilevit_xxs": {
            "accuracy": 0.9398148148148148,
            "f1_score": 0.9045521292217328,
            "precision": 0.9705882352941176,
            "recall": 0.846929422548121,
            "roc_auc": 0.9868333447782717,
            "size_mb": 3.6462478637695312,
            "param_count": 951666,
            "inference_time_ms": 0.9792510262153987,
            "images_per_second": 1021.1886158187566
        },
        "regnetx_002": {
            "accuracy": 0.9447530864197531,
            "f1_score": 0.9128953771289537,
            "precision": 0.9730290456431535,
            "recall": 0.8597616865261228,
            "roc_auc": 0.9885057275163474,
            "size_mb": 8.916725158691406,
            "param_count": 2316530,
            "inference_time_ms": 0.8551487304326008,
            "images_per_second": 1169.3872240143796
        },
        "efficientnet_b0": {
            "accuracy": 0.9487654320987654,
            "f1_score": 0.9204218600191755,
            "precision": 0.964824120603015,
            "recall": 0.8799266727772685,
            "roc_auc": 0.9884135993165453,
            "size_mb": 15.4580078125,
            "param_count": 4010110,
            "inference_time_ms": 1.2348360402922975,
            "images_per_second": 809.8241121657661
        },
        "mobilevit_xs": {
            "accuracy": 0.9487654320987654,
            "f1_score": 0.9199614271938283,
            "precision": 0.970498474059003,
            "recall": 0.8744271310724107,
            "roc_auc": 0.9879222489176003,
            "size_mb": 7.408638000488281,
            "param_count": 1933618,
            "inference_time_ms": 1.2914443253876264,
            "images_per_second": 774.3268372795324
        }
    },
    "best_model": "mobilevit_xs",
    "training_time": {
        "mobilenetv3_small_100": 6800.603540182114,
        "efficientnet_lite0": 6831.731892824173,
        "mobilevit_xxs": 7449.435679912567,
        "regnetx_002": 6944.969336271286,
        "efficientnet_b0": 6797.046224117279,
        "mobilevit_xs": 6949.8550090789795
    }
}