{
    "model_summary": {
        "name": "SVM",
        "feature_combination": "color+texture+shape",
        "total_features": 182
    },
    "performance_metrics": {
        "accuracy": 0.9123456790123456,
        "precision": 0.9145833333333333,
        "recall": 0.812962962962963,
        "f1": 0.8607843137254902,
        "roc_auc": 0.9623439643347051
    },
    "timing_information": {
        "total_time": 6.357851266860962
    },
    "feature_importance": null
}